Workbook

Sheet ReadMe
A1: Kaushik's KAC3 Model -- The Equation Approach (5-Stock Example)
A3: PURPOSE
A4: This workbook uses the EXACT SAME 5-stock, 10-week dataset as the Feynman-style PDF
A5: (Kaushik_KAC3_Model_Explained_Simply.pdf) -- same exposures, same true (hidden) factor
A6: returns, same simulated noise, same stock returns -- but solves the cross-sectional
A7: regression a completely different way.
A9: THE MATRIX APPROACH (used in the main KAC3 workbook)
A10: f_hat = (X'X)^-1 X' r -- computed in one shot with MMULT and MINVERSE. Fast, but it
A11: hides exactly HOW the estimate is derived inside two matrix black boxes.
A13: THE EQUATION APPROACH (this workbook)
A14: 1. Write the regression as 5 literal equations (one per stock): r_i = f1.X_i1 + f2.X_i2
A15: + f3.X_i3 + e_i, with f1 (Market), f2 (Value), f3 (Momentum) as UNKNOWNS.
... A49: Black text = live formula, linked back to inputs

Sheet Exposures
A1: Exposures (X) -- identical to the PDF's 5-stock example
A3: Stock | B3: Character | C3: Market (X1) | D3: Value (X2) | E3: Momentum (X3)
A4: Stock A | B4: Big Steady Co. | C4: 1 | D4: -0.8 | E4: 0.9
A5: Stock B | B5: Cheap Value Co. | C5: 1 | D5: 1.5 | E5: -0.6
A6: Stock C | B6: Hot Momentum Co. | C6: 1 | D6: 0.3 | E6: 1.2
A7: Stock D | B7: Unloved Co. | C7: 1 | D7: -0.5 | E7: -0.9
A8: Stock E | B8: Middling Co. | C8: 1 | D8: -0.5 | E8: -0.6
B9: Check: column sums (Value & Momentum should be 0 -- style-neutral market) | C9: =SUM(C4:C8) -> 5 | D9: =SUM(D4:D8) -> 0 | E9: =SUM(E4:E8) -> 0

Sheet Returns
A1: 10 Weeks of Stock Returns (weekly %)
I2: =_xlfn.STDEV.S(I4:I13) -> 1.3068921 | J2: =_xlfn.STDEV.S(J4:J13) -> 0.36180349 | K2: =_xlfn.STDEV.S(K4:K13) -> 0.45889714
A3: Week | B3: Stock A | C3: Stock B | D3: Stock C | E3: Stock D | F3: Stock E | I3: True Market | J3: True Value | K3: True Momentum
A4: 1 | B4: 1.3125676 | C4: 1.1903958 | D4: 0.015130191 | E4: -0.092540136 | F4: 0.96507601 | I4: 0.72660391 | J4: 0.43969899 | K4: -0.14788989
A5: 2 | B5: -1.3928776 | C5: -0.32555084 | D5: -2.7852047 | E5: -1.6021896 | F5: -0.63322388 | I5: -1.1559777 | J5: 0.38889597 | K5: -0.54474364
A6: 3 | B6: 2.5760762 | C6: 1.1935428 | D6: 1.6690133 | E6: 0.66283943 | F6: 0.81731564 | I6: 1.3506317 | J6: 0.033015349 | K6: 0.97803307
A7: 4 | B7: 1.1639772 | C7: 3.1463958 | D7: 1.9282027 | E7: 2.0572637 | F7: 1.4497019 | I7: 1.6167906 | J7: 0.5636206 | K7: -0.12362359
A8: 5 | B8: -2.7822893 | C8: -1.4333181 | D8: -4.6668201 | E8: -2.5276347 | F8: -2.6249528 | I8: -2.4314493 | J8: 0.23375467 | K8: -0.34266226
A9: 6 | B9: -1.7523094 | C9: -2.1910961 | D9: -0.046569683 | E9: -1.83394 | F9: -0.55823708 | I9: -1.5230513 | J9: -0.42964623 | K9: -0.28170684
A10: 7 | B10: -0.12669602 | C10: 0.26561172 | D10: 1.256885 | E10: 0.53112635 | F10: 0.55801641 | I10: 0.47897656 | J10: 0.18437539 | K10: 0.42584735
A11: 8 | B11: 0.90060675 | C11: -1.2814223 | D11: -0.53680305 | E11: 0.60603959 | F11: -0.19321472 | I11: -0.14273963 | J11: -0.4794413 | K11: 0.29235525
A12: 9 | B12: -0.41557742 | C12: -0.056096598 | D12: -0.39081874 | E12: 0.20714299 | F12: -0.055790408 | I12: 0.27647838 | J12: 0.43922515 | K12: 0.33018609
A13: 10 | B13: -0.21885734 | C13: -1.4375769 | D13: -0.28206062 | E13: -0.62893979 | F13: -1.274182 | I13: -0.8942615 | J13: -0.024962955 | K13: 0.3446568
I15: Columns I:K are the HIDDEN true factor returns used to simulate the data above -- the model never sees these; they're shown only so we can check how well our elimination-based estimate recovers them (SSE_Derivation / Elimination_Solve tabs).

Sheet SSE_Derivation
A1: The Equation Approach, Worked in Full for Week 1
A4: Step 1: Write the regression as 5 literal equations (one per stock)
A5: Each stock's return is the (unknown) factor returns times that stock's own exposures, plus a leftover error term:
A6: ="r_A = f1 x "&Exposures!C4&" + f2 x "&Exposures!D4&" + f3 x "&Exposures!E4&" + e_A [actual r_A,week1 = "&TEXT(Returns!B4,"0.000")&"]" -> r_A = f1 x 1 + f2 x -0.8 + f3 x 0.9 + e_A [actual r_A,week1 = 1.313]
A7: ="r_B = f1 x "&Exposures!C5&" + f2 x "&Exposures!D5&" + f3 x "&Exposures!E5&" + e_B [actual r_B,week1 = "&TEXT(Returns!C4,"0.000")&"]" -> r_B = f1 x 1 + f2 x 1.5 + f3 x -0.6 + e_B [actual r_B,week1 = 1.190] | B7: 1 | C7: -0.8 | D7: 0.9 | I7: Week | J7: Stock A | K7: Stock B | L7: Stock C | M7: Stock D | N7: Stock E
A8: ="r_C = f1 x "&Exposures!C6&" + f2 x "&Exposures!D6&" + f3 x "&Exposures!E6&" + e_C [actual r_C,week1 = "&TEXT(Returns!D4,"0.000")&"]" -> r_C = f1 x 1 + f2 x 0.3 + f3 x 1.2 + e_C [actual r_C,week1 = 0.015] | B8: 1 | C8: 1.5 | D8: -0.6 | I8: 1 | J8: 1.3125676 | K8: 1.1903958 | L8: 0.015130191 | M8: -0.092540136 | N8: 0.96507601
A9: ="r_D = f1 x "&Exposures!C7&" + f2 x "&Exposures!D7&" + f3 x "&Exposures!E7&" + e_D [actual r_D,week1 = "&TEXT(Returns!E4,"0.000")&"]" -> r_D = f1 x 1 + f2 x -0.5 + f3 x -0.9 + e_D [actual r_D,week1 = -0.093] | B9: 1 | C9: 0.3 | D9: 1.2 | I9: 2 | J9: -1.3928776 | K9: -0.32555084 | L9: -2.7852047 | M9: -1.6021896 | N9: -0.63322388
A10: ="r_E = f1 x "&Exposures!C8&" + f2 x "&Exposures!D8&" + f3 x "&Exposures!E8&" + e_E [actual r_E,week1 = "&TEXT(Returns!F4,"0.000")&"]" -> r_E = f1 x 1 + f2 x -0.5 + f3 x -0.6 + e_E [actual r_E,week1 = 0.965] | B10: 1 | C10: -0.5 | D10: -0.9 | I10: 3 | J10: 2.5760762 | K10: 1.1935428 | L10: 1.6690133 | M10: 0.66283943 | N10: 0.81731564
B11: 1 | C11: -0.5 | D11: -0.6 | I11: 4 | J11: 1.1639772 | K11: 3.1463958 | L11: 1.9282027 | M11: 2.0572637 | N11: 1.4497019
A12: Step 2: Define the Sum of Squared Errors (SSE) | I12: 5 | J12: -2.7822893 | K12: -1.4333181 | L12: -4.6668201 | M12: -2.5276347 | N12: -2.6249528
A13: SSE(f1,f2,f3) = e_A^2 + e_B^2 + e_C^2 + e_D^2 + e_E^2 | I13: 6 | J13: -1.7523094 | K13: -2.1910961 | L13: -0.046569683 | M13: -1.83394 | N13: -0.55823708
A14: = sum over all 5 stocks of ( r_i - f1.X_i1 - f2.X_i2 - f3.X_i3 )^2 | I14: 7 | J14: -0.12669602 | K14: 0.26561172 | L14: 1.256885 | M14: 0.53112635 | N14: 0.55801641
I15: 8 | J15: 0.90060675 | K15: -1.2814223 | L15: -0.53680305 | M15: 0.60603959 | N15: -0.19321472
A16: Step 3: Differentiate SSE with respect to each unknown, set to zero | I16: 9 | J16: -0.41557742 | K16: -0.056096598 | L16: -0.39081874 | M16: 0.20714299 | N16: -0.055790408
A17: Minimizing SSE means its slope with respect to each unknown must be flat (zero) at the minimum -- exactly like finding the bottom of a valley by looking for where the ground stops sloping. Differentiating the squared-error sum (chain rule) gives: | I17: 10 | J17: -0.21885734 | K17: -1.4375769 | L17: -0.28206062 | M17: -0.62893979 | N17: -1.274182
A18: dSSE/df1 = -2 x sum[ X_i1 x (r_i - f1.X_i1 - f2.X_i2 - f3.X_i3) ] = 0
A19: dSSE/df2 = -2 x sum[ X_i2 x (r_i - f1.X_i1 - f2.X_i2 - f3.X_i3) ] = 0
A20: dSSE/df3 = -2 x sum[ X_i3 x (r_i - f1.X_i1 - f2.X_i2 - f3.X_i3) ] = 0
A22: Step 4: Expand -- these ARE the three Normal Equations
A23: Dropping the -2 (it doesn't affect where the equation is zero) and expanding the multiplication term by term gives three plain linear equations in f1, f2, f3:
A24: f1.sum(X_i1^2) + f2.sum(X_i1.X_i2) + f3.sum(X_i1.X_i3) = sum(X_i1.r_i) [Eq. 1]
A25: f1.sum(X_i2.X_i1) + f2.sum(X_i2^2) + f3.sum(X_i2.X_i3) = sum(X_i2.r_i) [Eq. 2]
A26: f1.sum(X_i3.X_i1) + f2.sum(X_i3.X_i2) + f3.sum(X_i3^2) = sum(X_i3.r_i) [Eq. 3]
A28: Step 5: Compute the real numbers -- coefficients (from Exposures only, never change)
A29: These six sums only involve the exposures (X), never the returns -- so they're computed ONCE and reused for every single week. Built with SUMPRODUCT, i.e. multiply term-by-term and add up -- never a matrix function.
A30: a11 = sum(X_i1^2) | B30: a12 = sum(X_i1.X_i2) | C30: a13 = sum(X_i1.X_i3) | D30: a22 = sum(X_i2^2) | E30: a23 = sum(X_i2.X_i3) | F30: a33 = sum(X_i3^2)
A31: =SUMPRODUCT(Exposures!C4:C8,Exposures!C4:C8) -> 5 | B31: =SUMPRODUCT(Exposures!C4:C8,Exposures!D4:D8) -> 0 | C31: =SUMPRODUCT(Exposures!C4:C8,Exposures!E4:E8) -> 0 | D31: =SUMPRODUCT(Exposures!D4:D8,Exposures!D4:D8) -> 3.48 | E31: =SUMPRODUCT(Exposures!D4:D8,Exposures!E4:E8) -> -0.51 | F31: =SUMPRODUCT(Exposures!E4:E8,Exposures!E4:E8) -> 3.78
A33: Step 6: Compute the real numbers -- right-hand sides for Week 1 (these DO depend on returns)
A34: b1 = sum(X_i1.r_i) | B34: b2 = sum(X_i2.r_i) | C34: b3 = sum(X_i3.r_i)
A35: =Exposures!C4*Returns!B4+Exposures!C5*Returns!C4+Exposures!C6*Returns!D4+Exposures!C7*Returns!E4+Exposures!C8*Returns!F4 -> 3.3906295 | B35: =Exposures!D4*Returns!B4+Exposures!D5*Returns!C4+Exposures!D6*Returns!D4+Exposures!D7*Returns!E4+Exposures!D8*Returns!F4 -> 0.30381075 | C35: =Exposures!E4*Returns!B4+Exposures!E5*Returns!C4+Exposures!E6*Returns!D4+Exposures!E7*Returns!E4+Exposures!E8*Returns!F4 -> -0.010529883
A37: So, plugging real numbers into the three Normal Equations for Week 1:
A38: =TEXT(A31,"0.00")&" f1 + "&TEXT(B31,"0.00")&" f2 + "&TEXT(C31,"0.00")&" f3 = "&TEXT(A35,"0.00") -> 5.00 f1 + 0.00 f2 + 0.00 f3 = 3.39
A39: =TEXT(B31,"0.00")&" f1 + "&TEXT(D31,"0.00")&" f2 + "&TEXT(E31,"0.00")&" f3 = "&TEXT(B35,"0.00") -> 0.00 f1 + 3.48 f2 + -0.51 f3 = 0.30
A40: =TEXT(C31,"0.00")&" f1 + "&TEXT(E31,"0.00")&" f2 + "&TEXT(F31,"0.00")&" f3 = "&TEXT(C35,"0.00") -> 0.00 f1 + -0.51 f2 + 3.78 f3 = -0.01
A42: Notice a12 and a13 are exactly zero -- a direct consequence of Value and Momentum exposures summing to zero across the universe (Exposures tab check row). That means Equation 1 is ALREADY just '5.f1 = b1', i.e. f1 = b1/5 -- the plain average return. See this fall straight out of Gaussian elimination on the Elimination_Solve tab.

Sheet Elimination_Solve
A1: Solving the Normal Equations by Gaussian Elimination (all 10 weeks)
A4: Fixed Normal-Equation Coefficients (same reference as SSE_Derivation, computed once)
A5: a11 | B5: a12 | C5: a13 | D5: a22 | E5: a23 | F5: a33
A6: =SSE_Derivation!A31 -> 5 | B6: =SSE_Derivation!B31 -> 0 | C6: =SSE_Derivation!C31 -> 0 | D6: =SSE_Derivation!D31 -> 3.48 | E6: =SSE_Derivation!E31 -> -0.51 | F6: =SSE_Derivation!F31 -> 3.78
A8: Elimination Constants (derived once from the coefficients above)
A9: m21=a12/a11 | B9: m31=a13/a11 | C9: a22'=a22-m21.a12 | D9: a23'=a23-m21.a13 | E9: p2=a23-m31.a12 | F9: p3=a33-m31.a13 | G9: m32=p2/a22' | H9: q3=p3-m32.a23'
A10: =B6/A6 -> 0 | B10: =C6/A6 -> 0 | C10: =D6-A10*B6 -> 3.48 | D10: =E6-A10*C6 -> -0.51 | E10: =E6-B10*B6 -> -0.51 | F10: =F6-B10*C6 -> 3.78 | G10: =E10/C10 -> -0.14655172 | H10: =F10-G10*D10 -> 3.7052586
A12: These 8 numbers (m21, m31, a22', a23', p2, p3, m32, q3) are FIXED -- they depend only on the exposures, never on the returns. Every week below reuses the exact same 8 numbers, applying them only to that week's own b1, b2, b3.
A13: Per-Week Elimination (b's change every week; a's and elimination constants are fixed)
A14: Week | B14: b1 | C14: b2 | D14: b3 | E14: b2'=b2-m21.b1 | F14: c3=b3-m31.b1 | G14: d3=c3-m32.b2' | H14: f3=d3/q3 | I14: f2=(b2'-a23'.f3)/a22' | J14: f1=(b1-a12.f2-a13.f3)/a11 | K14: True Mkt | L14: True Val | M14: True Mom | N14: Matrix f1 (check) | O14: Matrix f2 (check) | P14: Matrix f3 (check) | Q14: Match?
A15: 1 | B15: =Exposures!C4*Returns!B4+Exposures!C5*Returns!C4+Exposures!C6*Returns!D4+Exposures!C7*Returns!E4+Exposures!C8*Returns!F4 -> 3.3906295 | C15: =Exposures!D4*Returns!B4+Exposures!D5*Returns!C4+Exposures!D6*Returns!D4+Exposures!D7*Returns!E4+Exposures!D8*Returns!F4 -> 0.30381075 | D15: =Exposures!E4*Returns!B4+Exposures!E5*Returns!C4+Exposures!E6*Returns!D4+Exposures!E7*Returns!E4+Exposures!E8*Returns!F4 -> -0.010529883 | E15: =C15-$A$10*B15 -> 0.30381075 | F15: =D15-$B$10*B15 -> -0.010529883 | G15: =F15-$G$10*E15 -> 0.033994106 | H15: =G15/$H$10 -> 0.0091745569 | I15: =(E15-$D$10*H15)/$C$10 -> 0.088646487 | J15: =(B15-$B$6*I15-$C$6*H15)/$A$6 -> 0.6781259 | K15: =Returns!I4 -> 0.72660391 | L15: =Returns!J4 -> 0.43969899 | M15: =Returns!K4 -> -0.14788989 | N15: {=MMULT(Returns!B4:F4,MMULT(Exposures!C4:E8,MINVERSE(MMULT(TRANSPOSE(Exposures!C4:E8),Exposures!C4:E8))))} -> 0.6781259 | O15: 0.088646487 | P15: 0.0091745569 | Q15: =IF(AND(ROUND(J15-N15,6)=0,ROUND(I15-O15,6)=0,ROUND(H15-P15,6)=0),"MATCH","check") -> MATCH
A16: 2 | B16: =Exposures!C4*Returns!B5+Exposures!C5*Returns!C5+Exposures!C6*Returns!D5+Exposures!C7*Returns!E5+Exposures!C8*Returns!F5 -> -6.7390467 | C16: =Exposures!D4*Returns!B5+Exposures!D5*Returns!C5+Exposures!D6*Returns!D5+Exposures!D7*Returns!E5+Exposures!D8*Returns!F5 -> 0.90812116 | D16: =Exposures!E4*Returns!B5+Exposures!E5*Returns!C5+Exposures!E6*Returns!D5+Exposures!E7*Returns!E5+Exposures!E8*Returns!F5 -> -2.5786001 | E16: =C16-$A$10*B16 -> 0.90812116 | F16: =D16-$B$10*B16 -> -2.5786001 | G16: =F16-$G$10*E16 -> -2.4455134 | H16: =G16/$H$10 -> -0.66001153 | I16: =(E16-$D$10*H16)/$C$10 -> 0.16422853 | J16: =(B16-$B$6*I16-$C$6*H16)/$A$6 -> -1.3478093 | K16: =Returns!I5 -> -1.1559777 | L16: =Returns!J5 -> 0.38889597 | M16: =Returns!K5 -> -0.54474364 | N16: {=MMULT(Returns!B5:F5,MMULT(Exposures!C4:E8,MINVERSE(MMULT(TRANSPOSE(Exposures!C4:E8),Exposures!C4:E8))))} -> -1.3478093 | O16: 0.16422853 | P16: -0.66001153 | Q16: =IF(AND(ROUND(J16-N16,6)=0,ROUND(I16-O16,6)=0,ROUND(H16-P16,6)=0),"MATCH","check") -> MATCH
A17: 3 | B17: =Exposures!C4*Returns!B6+Exposures!C5*Returns!C6+Exposures!C6*Returns!D6+Exposures!C7*Returns!E6+Exposures!C8*Returns!F6 -> 6.9187875 | C17: =Exposures!D4*Returns!B6+Exposures!D5*Returns!C6+Exposures!D6*Returns!D6+Exposures!D7*Returns!E6+Exposures!D8*Returns!F6 -> -0.50992026 | D17: =Exposures!E4*Returns!B6+Exposures!E5*Returns!C6+Exposures!E6*Returns!D6+Exposures!E7*Returns!E6+Exposures!E8*Returns!F6 -> 2.5182141 | E17: =C17-$A$10*B17 -> -0.50992026 | F17: =D17-$B$10*B17 -> 2.5182141 | G17: =F17-$G$10*E17 -> 2.4434844 | H17: =G17/$H$10 -> 0.65946392 | I17: =(E17-$D$10*H17)/$C$10 -> -0.049883237 | J17: =(B17-$B$6*I17-$C$6*H17)/$A$6 -> 1.3837575 | K17: =Returns!I6 -> 1.3506317 | L17: =Returns!J6 -> 0.033015349 | M17: =Returns!K6 -> 0.97803307 | N17: {=MMULT(Returns!B6:F6,MMULT(Exposures!C4:E8,MINVERSE(MMULT(TRANSPOSE(Exposures!C4:E8),Exposures!C4:E8))))} -> 1.3837575 | O17: -0.049883237 | P17: 0.65946392 | Q17: =IF(AND(ROUND(J17-N17,6)=0,ROUND(I17-O17,6)=0,ROUND(H17-P17,6)=0),"MATCH","check") -> MATCH
A18: 4 | B18: =Exposures!C4*Returns!B7+Exposures!C5*Returns!C7+Exposures!C6*Returns!D7+Exposures!C7*Returns!E7+Exposures!C8*Returns!F7 -> 9.7455413 | C18: =Exposures!D4*Returns!B7+Exposures!D5*Returns!C7+Exposures!D6*Returns!D7+Exposures!D7*Returns!E7+Exposures!D8*Returns!F7 -> 2.6133899 | D18: =Exposures!E4*Returns!B7+Exposures!E5*Returns!C7+Exposures!E6*Returns!D7+Exposures!E7*Returns!E7+Exposures!E8*Returns!F7 -> -1.2477733 | E18: =C18-$A$10*B18 -> 2.6133899 | F18: =D18-$B$10*B18 -> -1.2477733 | G18: =F18-$G$10*E18 -> -0.86477647 | H18: =G18/$H$10 -> -0.23339166 | I18: =(E18-$D$10*H18)/$C$10 -> 0.71677017 | J18: =(B18-$B$6*I18-$C$6*H18)/$A$6 -> 1.9491083 | K18: =Returns!I7 -> 1.6167906 | L18: =Returns!J7 -> 0.5636206 | M18: =Returns!K7 -> -0.12362359 | N18: {=MMULT(Returns!B7:F7,MMULT(Exposures!C4:E8,MINVERSE(MMULT(TRANSPOSE(Exposures!C4:E8),Exposures!C4:E8))))} -> 1.9491083 | O18: 0.71677017 | P18: -0.23339166 | Q18: =IF(AND(ROUND(J18-N18,6)=0,ROUND(I18-O18,6)=0,ROUND(H18-P18,6)=0),"MATCH","check") -> MATCH
A19: 5 | B19: =Exposures!C4*Returns!B8+Exposures!C5*Returns!C8+Exposures!C6*Returns!D8+Exposures!C7*Returns!E8+Exposures!C8*Returns!F8 -> -14.035015 | C19: =Exposures!D4*Returns!B8+Exposures!D5*Returns!C8+Exposures!D6*Returns!D8+Exposures!D7*Returns!E8+Exposures!D8*Returns!F8 -> 1.252102 | D19: =Exposures!E4*Returns!B8+Exposures!E5*Returns!C8+Exposures!E6*Returns!D8+Exposures!E7*Returns!E8+Exposures!E8*Returns!F8 -> -3.3944108 | E19: =C19-$A$10*B19 -> 1.252102 | F19: =D19-$B$10*B19 -> -3.3944108 | G19: =F19-$G$10*E19 -> -3.2109131 | H19: =G19/$H$10 -> -0.86658272 | I19: =(E19-$D$10*H19)/$C$10 -> 0.23280022 | J19: =(B19-$B$6*I19-$C$6*H19)/$A$6 -> -2.807003 | K19: =Returns!I8 -> -2.4314493 | L19: =Returns!J8 -> 0.23375467 | M19: =Returns!K8 -> -0.34266226 | N19: {=MMULT(Returns!B8:F8,MMULT(Exposures!C4:E8,MINVERSE(MMULT(TRANSPOSE(Exposures!C4:E8),Exposures!C4:E8))))} -> -2.807003 | O19: 0.23280022 | P19: -0.86658272 | Q19: =IF(AND(ROUND(J19-N19,6)=0,ROUND(I19-O19,6)=0,ROUND(H19-P19,6)=0),"MATCH","check") -> MATCH
A20: 6 | B20: =Exposures!C4*Returns!B9+Exposures!C5*Returns!C9+Exposures!C6*Returns!D9+Exposures!C7*Returns!E9+Exposures!C8*Returns!F9 -> -6.3821523 | C20: =Exposures!D4*Returns!B9+Exposures!D5*Returns!C9+Exposures!D6*Returns!D9+Exposures!D7*Returns!E9+Exposures!D8*Returns!F9 -> -0.70267901 | D20: =Exposures!E4*Returns!B9+Exposures!E5*Returns!C9+Exposures!E6*Returns!D9+Exposures!E7*Returns!E9+Exposures!E8*Returns!F9 -> 1.6671839 | E20: =C20-$A$10*B20 -> -0.70267901 | F20: =D20-$B$10*B20 -> 1.6671839 | G20: =F20-$G$10*E20 -> 1.5642051 | H20: =G20/$H$10 -> 0.42215813 | I20: =(E20-$D$10*H20)/$C$10 -> -0.14005125 | J20: =(B20-$B$6*I20-$C$6*H20)/$A$6 -> -1.2764305 | K20: =Returns!I9 -> -1.5230513 | L20: =Returns!J9 -> -0.42964623 | M20: =Returns!K9 -> -0.28170684 | N20: {=MMULT(Returns!B9:F9,MMULT(Exposures!C4:E8,MINVERSE(MMULT(TRANSPOSE(Exposures!C4:E8),Exposures!C4:E8))))} -> -1.2764305 | O20: -0.14005125 | P20: 0.42215813 | Q20: =IF(AND(ROUND(J20-N20,6)=0,ROUND(I20-O20,6)=0,ROUND(H20-P20,6)=0),"MATCH","check") -> MATCH
A21: 7 | B21: =Exposures!C4*Returns!B10+Exposures!C5*Returns!C10+Exposures!C6*Returns!D10+Exposures!C7*Returns!E10+Exposures!C8*Returns!F10 -> 2.4849434 | C21: =Exposures!D4*Returns!B10+Exposures!D5*Returns!C10+Exposures!D6*Returns!D10+Exposures!D7*Returns!E10+Exposures!D8*Returns!F10 -> 0.33226852 | D21: =Exposures!E4*Returns!B10+Exposures!E5*Returns!C10+Exposures!E6*Returns!D10+Exposures!E7*Returns!E10+Exposures!E8*Returns!F10 -> 0.42204497 | E21: =C21-$A$10*B21 -> 0.33226852 | F21: =D21-$B$10*B21 -> 0.42204497 | G21: =F21-$G$10*E21 -> 0.47073949 | H21: =G21/$H$10 -> 0.12704632 | I21: =(E21-$D$10*H21)/$C$10 -> 0.11409832 | J21: =(B21-$B$6*I21-$C$6*H21)/$A$6 -> 0.49698869 | K21: =Returns!I10 -> 0.47897656 | L21: =Returns!J10 -> 0.18437539 | M21: =Returns!K10 -> 0.42584735 | N21: {=MMULT(Returns!B10:F10,MMULT(Exposures!C4:E8,MINVERSE(MMULT(TRANSPOSE(Exposures!C4:E8),Exposures!C4:E8))))} -> 0.49698869 | O21: 0.11409832 | P21: 0.12704632 | Q21: =IF(AND(ROUND(J21-N21,6)=0,ROUND(I21-O21,6)=0,ROUND(H21-P21,6)=0),"MATCH","check") -> MATCH
A22: 8 | B22: =Exposures!C4*Returns!B11+Exposures!C5*Returns!C11+Exposures!C6*Returns!D11+Exposures!C7*Returns!E11+Exposures!C8*Returns!F11 -> -0.50479371 | C22: =Exposures!D4*Returns!B11+Exposures!D5*Returns!C11+Exposures!D6*Returns!D11+Exposures!D7*Returns!E11+Exposures!D8*Returns!F11 -> -3.0100722 | D22: =Exposures!E4*Returns!B11+Exposures!E5*Returns!C11+Exposures!E6*Returns!D11+Exposures!E7*Returns!E11+Exposures!E8*Returns!F11 -> 0.505729 | E22: =C22-$A$10*B22 -> -3.0100722 | F22: =D22-$B$10*B22 -> 0.505729 | G22: =F22-$G$10*E22 -> 0.06459773 | H22: =G22/$H$10 -> 0.017434068 | I22: =(E22-$D$10*H22)/$C$10 -> -0.86240828 | J22: =(B22-$B$6*I22-$C$6*H22)/$A$6 -> -0.10095874 | K22: =Returns!I11 -> -0.14273963 | L22: =Returns!J11 -> -0.4794413 | M22: =Returns!K11 -> 0.29235525 | N22: {=MMULT(Returns!B11:F11,MMULT(Exposures!C4:E8,MINVERSE(MMULT(TRANSPOSE(Exposures!C4:E8),Exposures!C4:E8))))} -> -0.10095874 | O22: -0.86240828 | P22: 0.017434068 | Q22: =IF(AND(ROUND(J22-N22,6)=0,ROUND(I22-O22,6)=0,ROUND(H22-P22,6)=0),"MATCH","check") -> MATCH
A23: 9 | B23: =Exposures!C4*Returns!B12+Exposures!C5*Returns!C12+Exposures!C6*Returns!D12+Exposures!C7*Returns!E12+Exposures!C8*Returns!F12 -> -0.71114017 | C23: =Exposures!D4*Returns!B12+Exposures!D5*Returns!C12+Exposures!D6*Returns!D12+Exposures!D7*Returns!E12+Exposures!D8*Returns!F12 -> 0.055395126 | D23: =Exposures!E4*Returns!B12+Exposures!E5*Returns!C12+Exposures!E6*Returns!D12+Exposures!E7*Returns!E12+Exposures!E8*Returns!F12 -> -0.96229866 | E23: =C23-$A$10*B23 -> 0.055395126 | F23: =D23-$B$10*B23 -> -0.96229866 | G23: =F23-$G$10*E23 -> -0.95418041 | H23: =G23/$H$10 -> -0.2575206 | I23: =(E23-$D$10*H23)/$C$10 -> -0.021821948 | J23: =(B23-$B$6*I23-$C$6*H23)/$A$6 -> -0.14222803 | K23: =Returns!I12 -> 0.27647838 | L23: =Returns!J12 -> 0.43922515 | M23: =Returns!K12 -> 0.33018609 | N23: {=MMULT(Returns!B12:F12,MMULT(Exposures!C4:E8,MINVERSE(MMULT(TRANSPOSE(Exposures!C4:E8),Exposures!C4:E8))))} -> -0.14222803 | O23: -0.021821948 | P23: -0.2575206 | Q23: =IF(AND(ROUND(J23-N23,6)=0,ROUND(I23-O23,6)=0,ROUND(H23-P23,6)=0),"MATCH","check") -> MATCH
A24: 10 | B24: =Exposures!C4*Returns!B13+Exposures!C5*Returns!C13+Exposures!C6*Returns!D13+Exposures!C7*Returns!E13+Exposures!C8*Returns!F13 -> -3.8416166 | C24: =Exposures!D4*Returns!B13+Exposures!D5*Returns!C13+Exposures!D6*Returns!D13+Exposures!D7*Returns!E13+Exposures!D8*Returns!F13 -> -1.1143367 | D24: =Exposures!E4*Returns!B13+Exposures!E5*Returns!C13+Exposures!E6*Returns!D13+Exposures!E7*Returns!E13+Exposures!E8*Returns!F13 -> 1.6576568 | E24: =C24-$A$10*B24 -> -1.1143367 | F24: =D24-$B$10*B24 -> 1.6576568 | G24: =F24-$G$10*E24 -> 1.4943488 | H24: =G24/$H$10 -> 0.40330487 | I24: =(E24-$D$10*H24)/$C$10 -> -0.26110668 | J24: =(B24-$B$6*I24-$C$6*H24)/$A$6 -> -0.76832333 | K24: =Returns!I13 -> -0.8942615 | L24: =Returns!J13 -> -0.024962955 | M24: =Returns!K13 -> 0.3446568 | N24: {=MMULT(Returns!B13:F13,MMULT(Exposures!C4:E8,MINVERSE(MMULT(TRANSPOSE(Exposures!C4:E8),Exposures!C4:E8))))} -> -0.76832333 | O24: -0.26110668 | P24: 0.40330487 | Q24: =IF(AND(ROUND(J24-N24,6)=0,ROUND(I24-O24,6)=0,ROUND(H24-P24,6)=0),"MATCH","check") -> MATCH
A26: Columns N:P use MMULT/MINVERSE purely as an independent cross-check that the elimination method (columns H:J) gives the identical answer -- they are NOT part of the equation-based derivation itself.

Sheet Residuals_Specific
A1: Fitted Returns, Residuals, and Specific Variance
A4: Fitted return_i,t = f1_t.X_i1 + f2_t.X_i2 + f3_t.X_i3 (plain arithmetic, no matrix)
A5: Week | B5: Fitted A | C5: Fitted B | D5: Fitted C | E5: Fitted D | F5: Fitted E
A6: 1 | B6: =Elimination_Solve!J15*Exposures!C4+Elimination_Solve!I15*Exposures!D4+Elimination_Solve!H15*Exposures!E4 -> 0.61546581 | C6: =Elimination_Solve!J15*Exposures!C5+Elimination_Solve!I15*Exposures!D5+Elimination_Solve!H15*Exposures!E5 -> 0.8055909 | D6: =Elimination_Solve!J15*Exposures!C6+Elimination_Solve!I15*Exposures!D6+Elimination_Solve!H15*Exposures!E6 -> 0.71572931 | E6: =Elimination_Solve!J15*Exposures!C7+Elimination_Solve!I15*Exposures!D7+Elimination_Solve!H15*Exposures!E7 -> 0.62554556 | F6: =Elimination_Solve!J15*Exposures!C8+Elimination_Solve!I15*Exposures!D8+Elimination_Solve!H15*Exposures!E8 -> 0.62829792
A7: 2 | B7: =Elimination_Solve!J16*Exposures!C4+Elimination_Solve!I16*Exposures!D4+Elimination_Solve!H16*Exposures!E4 -> -2.0732025 | C7: =Elimination_Solve!J16*Exposures!C5+Elimination_Solve!I16*Exposures!D5+Elimination_Solve!H16*Exposures!E5 -> -0.70545962 | D7: =Elimination_Solve!J16*Exposures!C6+Elimination_Solve!I16*Exposures!D6+Elimination_Solve!H16*Exposures!E6 -> -2.0905546 | E7: =Elimination_Solve!J16*Exposures!C7+Elimination_Solve!I16*Exposures!D7+Elimination_Solve!H16*Exposures!E7 -> -0.83591322 | F7: =Elimination_Solve!J16*Exposures!C8+Elimination_Solve!I16*Exposures!D8+Elimination_Solve!H16*Exposures!E8 -> -1.0339167
A8: 3 | B8: =Elimination_Solve!J17*Exposures!C4+Elimination_Solve!I17*Exposures!D4+Elimination_Solve!H17*Exposures!E4 -> 2.0171816 | C8: =Elimination_Solve!J17*Exposures!C5+Elimination_Solve!I17*Exposures!D5+Elimination_Solve!H17*Exposures!E5 -> 0.91325429 | D8: =Elimination_Solve!J17*Exposures!C6+Elimination_Solve!I17*Exposures!D6+Elimination_Solve!H17*Exposures!E6 -> 2.1601492 | E8: =Elimination_Solve!J17*Exposures!C7+Elimination_Solve!I17*Exposures!D7+Elimination_Solve!H17*Exposures!E7 -> 0.81518159 | F8: =Elimination_Solve!J17*Exposures!C8+Elimination_Solve!I17*Exposures!D8+Elimination_Solve!H17*Exposures!E8 -> 1.0130208
A9: 4 | B9: =Elimination_Solve!J18*Exposures!C4+Elimination_Solve!I18*Exposures!D4+Elimination_Solve!H18*Exposures!E4 -> 1.1656396 | C9: =Elimination_Solve!J18*Exposures!C5+Elimination_Solve!I18*Exposures!D5+Elimination_Solve!H18*Exposures!E5 -> 3.1642985 | D9: =Elimination_Solve!J18*Exposures!C6+Elimination_Solve!I18*Exposures!D6+Elimination_Solve!H18*Exposures!E6 -> 1.8840693 | E9: =Elimination_Solve!J18*Exposures!C7+Elimination_Solve!I18*Exposures!D7+Elimination_Solve!H18*Exposures!E7 -> 1.8007757 | F9: =Elimination_Solve!J18*Exposures!C8+Elimination_Solve!I18*Exposures!D8+Elimination_Solve!H18*Exposures!E8 -> 1.7307582
A10: 5 | B10: =Elimination_Solve!J19*Exposures!C4+Elimination_Solve!I19*Exposures!D4+Elimination_Solve!H19*Exposures!E4 -> -3.7731676 | C10: =Elimination_Solve!J19*Exposures!C5+Elimination_Solve!I19*Exposures!D5+Elimination_Solve!H19*Exposures!E5 -> -1.9378531 | D10: =Elimination_Solve!J19*Exposures!C6+Elimination_Solve!I19*Exposures!D6+Elimination_Solve!H19*Exposures!E6 -> -3.7770622 | E10: =Elimination_Solve!J19*Exposures!C7+Elimination_Solve!I19*Exposures!D7+Elimination_Solve!H19*Exposures!E7 -> -2.1434787 | F10: =Elimination_Solve!J19*Exposures!C8+Elimination_Solve!I19*Exposures!D8+Elimination_Solve!H19*Exposures!E8 -> -2.4034535
A11: 6 | B11: =Elimination_Solve!J20*Exposures!C4+Elimination_Solve!I20*Exposures!D4+Elimination_Solve!H20*Exposures!E4 -> -0.78444714 | C11: =Elimination_Solve!J20*Exposures!C5+Elimination_Solve!I20*Exposures!D5+Elimination_Solve!H20*Exposures!E5 -> -1.7398022 | D11: =Elimination_Solve!J20*Exposures!C6+Elimination_Solve!I20*Exposures!D6+Elimination_Solve!H20*Exposures!E6 -> -0.81185609 | E11: =Elimination_Solve!J20*Exposures!C7+Elimination_Solve!I20*Exposures!D7+Elimination_Solve!H20*Exposures!E7 -> -1.5863472 | F11: =Elimination_Solve!J20*Exposures!C8+Elimination_Solve!I20*Exposures!D8+Elimination_Solve!H20*Exposures!E8 -> -1.4596997
A12: 7 | B12: =Elimination_Solve!J21*Exposures!C4+Elimination_Solve!I21*Exposures!D4+Elimination_Solve!H21*Exposures!E4 -> 0.52005173 | C12: =Elimination_Solve!J21*Exposures!C5+Elimination_Solve!I21*Exposures!D5+Elimination_Solve!H21*Exposures!E5 -> 0.59190837 | D12: =Elimination_Solve!J21*Exposures!C6+Elimination_Solve!I21*Exposures!D6+Elimination_Solve!H21*Exposures!E6 -> 0.68367377 | E12: =Elimination_Solve!J21*Exposures!C7+Elimination_Solve!I21*Exposures!D7+Elimination_Solve!H21*Exposures!E7 -> 0.32559784 | F12: =Elimination_Solve!J21*Exposures!C8+Elimination_Solve!I21*Exposures!D8+Elimination_Solve!H21*Exposures!E8 -> 0.36371174
A13: 8 | B13: =Elimination_Solve!J22*Exposures!C4+Elimination_Solve!I22*Exposures!D4+Elimination_Solve!H22*Exposures!E4 -> 0.60465854 | C13: =Elimination_Solve!J22*Exposures!C5+Elimination_Solve!I22*Exposures!D5+Elimination_Solve!H22*Exposures!E5 -> -1.4050316 | D13: =Elimination_Solve!J22*Exposures!C6+Elimination_Solve!I22*Exposures!D6+Elimination_Solve!H22*Exposures!E6 -> -0.33876034 | E13: =Elimination_Solve!J22*Exposures!C7+Elimination_Solve!I22*Exposures!D7+Elimination_Solve!H22*Exposures!E7 -> 0.31455473 | F13: =Elimination_Solve!J22*Exposures!C8+Elimination_Solve!I22*Exposures!D8+Elimination_Solve!H22*Exposures!E8 -> 0.31978495
A14: 9 | B14: =Elimination_Solve!J23*Exposures!C4+Elimination_Solve!I23*Exposures!D4+Elimination_Solve!H23*Exposures!E4 -> -0.35653901 | C14: =Elimination_Solve!J23*Exposures!C5+Elimination_Solve!I23*Exposures!D5+Elimination_Solve!H23*Exposures!E5 -> -0.020448599 | D14: =Elimination_Solve!J23*Exposures!C6+Elimination_Solve!I23*Exposures!D6+Elimination_Solve!H23*Exposures!E6 -> -0.45779933 | E14: =Elimination_Solve!J23*Exposures!C7+Elimination_Solve!I23*Exposures!D7+Elimination_Solve!H23*Exposures!E7 -> 0.10045148 | F14: =Elimination_Solve!J23*Exposures!C8+Elimination_Solve!I23*Exposures!D8+Elimination_Solve!H23*Exposures!E8 -> 0.023195296
A15: 10 | B15: =Elimination_Solve!J24*Exposures!C4+Elimination_Solve!I24*Exposures!D4+Elimination_Solve!H24*Exposures!E4 -> -0.19646361 | C15: =Elimination_Solve!J24*Exposures!C5+Elimination_Solve!I24*Exposures!D5+Elimination_Solve!H24*Exposures!E5 -> -1.4019663 | D15: =Elimination_Solve!J24*Exposures!C6+Elimination_Solve!I24*Exposures!D6+Elimination_Solve!H24*Exposures!E6 -> -0.36268949 | E15: =Elimination_Solve!J24*Exposures!C7+Elimination_Solve!I24*Exposures!D7+Elimination_Solve!H24*Exposures!E7 -> -1.0007444 | F15: =Elimination_Solve!J24*Exposures!C8+Elimination_Solve!I24*Exposures!D8+Elimination_Solve!H24*Exposures!E8 -> -0.87975291
A17: Residual_i,t = actual - fitted
A18: Week | B18: Resid A | C18: Resid B | D18: Resid C | E18: Resid D | F18: Resid E
A19: 1 | B19: =Returns!B4-B6 -> 0.69710181 | C19: =Returns!C4-C6 -> 0.38480492 | D19: =Returns!D4-D6 -> -0.70059912 | E19: =Returns!E4-E6 -> -0.71808569 | F19: =Returns!F4-F6 -> 0.33677808
A20: 2 | B20: =Returns!B5-B7 -> 0.68032489 | C20: =Returns!C5-C7 -> 0.37990878 | D20: =Returns!D5-D7 -> -0.69465013 | E20: =Returns!E5-E7 -> -0.76627634 | F20: =Returns!F5-F7 -> 0.4006928
A21: 3 | B21: =Returns!B6-B8 -> 0.55889463 | C21: =Returns!C6-C8 -> 0.28028855 | D21: =Returns!D6-D8 -> -0.49113589 | E21: =Returns!E6-E8 -> -0.15234217 | F21: =Returns!F6-F8 -> -0.19570513
A22: 4 | B22: =Returns!B7-B9 -> -0.001662438 | C22: =Returns!C7-C9 -> -0.017902716 | D22: =Returns!D7-D9 -> 0.044133375 | E22: =Returns!E7-E9 -> 0.25648806 | F22: =Returns!F7-F9 -> -0.28105628
A23: 5 | B23: =Returns!B8-B10 -> 0.99087831 | C23: =Returns!C8-C10 -> 0.50453492 | D23: =Returns!D8-D10 -> -0.88975792 | E23: =Returns!E8-E10 -> -0.38415597 | F23: =Returns!F8-F10 -> -0.22149933
A24: 6 | B24: =Returns!B9-B11 -> -0.96786226 | C24: =Returns!C9-C11 -> -0.4512939 | D24: =Returns!D9-D11 -> 0.7652864 | E24: =Returns!E9-E11 -> -0.24759288 | F24: =Returns!F9-F11 -> 0.90146264
A25: 7 | B25: =Returns!B10-B12 -> -0.64674775 | C25: =Returns!C10-C12 -> -0.32629665 | D25: =Returns!D10-D12 -> 0.57321121 | E25: =Returns!E10-E12 -> 0.20552851 | F25: =Returns!F10-F12 -> 0.19430467
A26: 8 | B26: =Returns!B11-B13 -> 0.29594822 | C26: =Returns!C11-C13 -> 0.12360931 | D26: =Returns!D11-D13 -> -0.1980427 | E26: =Returns!E11-E13 -> 0.29148485 | F26: =Returns!F11-F13 -> -0.51299968
A27: 9 | B27: =Returns!B12-B14 -> -0.059038409 | C27: =Returns!C12-C14 -> -0.035647999 | D27: =Returns!D12-D14 -> 0.066980594 | E27: =Returns!E12-E14 -> 0.10669152 | F27: =Returns!F12-F14 -> -0.078985704
A28: 10 | B28: =Returns!B13-B15 -> -0.022393726 | C28: =Returns!C13-C15 -> -0.035610606 | D28: =Returns!D13-D15 -> 0.080628868 | E28: =Returns!E13-E15 -> 0.37180458 | F28: =Returns!F13-F15 -> -0.39442912
A30: Specific variance & volatility per stock (VAR.S / SQRT over the 10 weekly residuals)
A31: Stock | B31: A | C31: B | D31: C | E31: D | F31: E
A32: Specific variance (%^2) | B32: =_xlfn.VAR.S(B19:B28) -> 0.38410148 | C32: =_xlfn.VAR.S(C19:C28) -> 0.098752198 | D32: =_xlfn.VAR.S(D19:D28) -> 0.30712824 | E32: =_xlfn.VAR.S(E19:E28) -> 0.17445577 | F32: =_xlfn.VAR.S(F19:F28) -> 0.19038812
A33: Specific volatility (%) | B33: =SQRT(B32) -> 0.61975921 | C33: =SQRT(C32) -> 0.31424863 | D33: =SQRT(D32) -> 0.55419152 | E33: =SQRT(E32) -> 0.41767902 | F33: =SQRT(F32) -> 0.43633488

Sheet FactorCovariance
A1: Covariance & Correlation of the 10 Weeks of Estimated Factor Returns
I3: Matrix f1 (check) | J3: Matrix f2 (check) | K3: Matrix f3 (check)
A4: Factor return columns used: Elimination_Solve!H (Momentum), I (Value), J (Market) | I4: 0.6781 | J4: 0.088646487 | K4: 0.009174557
I5: -1.3478 | J5: 0.16422853 | K5: -0.66001153
A6: Covariance | B6: Market | C6: Value | D6: Momentum | I6: 1.3838 | J6: -0.049883237 | K6: 0.65946392
A7: Market | B7: =_xlfn.COVARIANCE.S(Elimination_Solve!J15:J24,Elimination_Solve!J15:J24) -> 1.9991332 | C7: =_xlfn.COVARIANCE.S(Elimination_Solve!J15:J24,Elimination_Solve!I15:I24) -> 0.11510708 | D7: =_xlfn.COVARIANCE.S(Elimination_Solve!J15:J24,Elimination_Solve!H15:H24) -> 0.32909931 | I7: 1.9491 | J7: 0.71677017 | K7: -0.23339166
A8: Value | B8: =_xlfn.COVARIANCE.S(Elimination_Solve!I15:I24,Elimination_Solve!J15:J24) -> 0.11510708 | C8: =_xlfn.COVARIANCE.S(Elimination_Solve!I15:I24,Elimination_Solve!I15:I24) -> 0.16114129 | D8: =_xlfn.COVARIANCE.S(Elimination_Solve!I15:I24,Elimination_Solve!H15:H24) -> -0.07439593 | I8: -2.807 | J8: 0.23280022 | K8: -0.86658272
A9: Momentum | B9: =_xlfn.COVARIANCE.S(Elimination_Solve!H15:H24,Elimination_Solve!J15:J24) -> 0.32909931 | C9: =_xlfn.COVARIANCE.S(Elimination_Solve!H15:H24,Elimination_Solve!I15:I24) -> -0.07439593 | D9: =_xlfn.COVARIANCE.S(Elimination_Solve!H15:H24,Elimination_Solve!H15:H24) -> 0.23170053 | I9: -1.2764 | J9: -0.14005126 | K9: 0.42215813
I10: 0.497 | J10: 0.11409832 | K10: 0.12704632
A11: Correlation | B11: Market | C11: Value | D11: Momentum | I11: -0.101 | J11: -0.86240827 | K11: 0.017434068
A12: Market | B12: =CORREL(Elimination_Solve!J15:J24,Elimination_Solve!J15:J24) -> 1 | C12: =CORREL(Elimination_Solve!J15:J24,Elimination_Solve!I15:I24) -> 0.20280458 | D12: =CORREL(Elimination_Solve!J15:J24,Elimination_Solve!H15:H24) -> 0.48355134 | I12: -0.1422 | J12: -0.021821948 | K12: -0.2575206
A13: Value | B13: =CORREL(Elimination_Solve!I15:I24,Elimination_Solve!J15:J24) -> 0.20280458 | C13: =CORREL(Elimination_Solve!I15:I24,Elimination_Solve!I15:I24) -> 1 | D13: =CORREL(Elimination_Solve!I15:I24,Elimination_Solve!H15:H24) -> -0.38501907 | I13: -0.7683 | J13: -0.26110668 | K13: 0.40330487
A14: Momentum | B14: =CORREL(Elimination_Solve!H15:H24,Elimination_Solve!J15:J24) -> 0.48355134 | C14: =CORREL(Elimination_Solve!H15:H24,Elimination_Solve!I15:I24) -> -0.38501907 | D14: =CORREL(Elimination_Solve!H15:H24,Elimination_Solve!H15:H24) -> 1
A16: Weekly Volatility (sqrt of the diagonal above)
A17: Market | B17: Value | C17: Momentum | I17: =_xlfn.COVARIANCE.S(I4:I13,J4:J13) -> 0.11510908
A18: =SQRT(B7) -> 1.4139071 | B18: =SQRT(C8) -> 0.40142408 | C18: =SQRT(D9) -> 0.48135282

Sheet PortfolioRisk
A1: Portfolio Risk: 40% B / 35% C / 25% D (0% A, 0% E)
A4: Stock | B4: Weight
A5: Stock A | B5: 0
A6: Stock B | B6: 0.4
A7: Stock C | B7: 0.35
A8: Stock D | B8: 0.25
A9: Stock E | B9: 0
A11: Portfolio exposure (weighted sum of held stocks' exposures -- plain SUMPRODUCT)
A12: Market | B12: Value | C12: Momentum
A13: =SUMPRODUCT(B5:B9,Exposures!C4:C8) -> 1 | B13: =SUMPRODUCT(B5:B9,Exposures!D4:D8) -> 0.58 | C13: =SUMPRODUCT(B5:B9,Exposures!E4:E8) -> -0.045
A15: Factor variance -- the quadratic form w'Fw EXPANDED term by term (not MMULT)
A16: Var(factor) = Xm^2.Fmm + Xv^2.Fvv + Xo^2.Foo + 2.Xm.Xv.Fmv + 2.Xm.Xo.Fmo + 2.Xv.Xo.Fvo
A17: =A13^2*FactorCovariance!B7+B13^2*FactorCovariance!C8+C13^2*FactorCovariance!D9+2*A13*B13*FactorCovariance!C7+2*A13*C13*FactorCovariance!D7+2*B13*C13*FactorCovariance!D8 -> 2.1615991
A19: Specific variance = sum(weight_i^2 x specific_var_i)
A20: =B5^2*Residuals_Specific!B32+B6^2*Residuals_Specific!C32+B7^2*Residuals_Specific!D32+B8^2*Residuals_Specific!E32+B9^2*Residuals_Specific!F32 -> 0.064327047
A22: Total variance, volatility, and risk split
A23: Total weekly variance | B23: =A17+A20 -> 2.2259261
A24: Weekly volatility | B24: =SQRT(B23) -> 1.4919538
A25: Annualized volatility (x52) | B25: =SQRT(B23*52) -> 10.758632
A26: Factor risk % of total | B26: =A17/B23 -> 0.971101
A27: Specific risk % of total | B27: =A20/B23 -> 0.028899004

Sheet PureFactorPortfolio
A1: The Pure Momentum Portfolio, Derived by Unwinding the Elimination
A4: f3 (Momentum) = [b1.(m32.m21 - m31) - m32.b2 + b3] / q3, and each b_k is itself just sum(X_ik . r_i). Substituting that in and collecting the coefficient on each stock's own return r_i gives the 'pure Momentum portfolio weight' for that stock -- no separate matrix formula needed, it falls straight out of the elimination algebra.
A6: Unwound coefficients (fixed, from the elimination constants only)
A7: coef1 = (m32.m21-m31)/q3 | B7: coef2 = -m32/q3 | C7: coef3 = 1/q3
A8: =(Elimination_Solve!G10*Elimination_Solve!A10-Elimination_Solve!B10)/Elimination_Solve!H10 -> 0 | B8: =-Elimination_Solve!G10/Elimination_Solve!H10 -> 0.03955236 | C8: =1/Elimination_Solve!H10 -> 0.26988669
A10: Pure Momentum weight per stock: w_i = coef1.X_i1 + coef2.X_i2 + coef3.X_i3
A11: Stock | B11: Weight
A12: Stock A | B12: =$A$8*Exposures!C4+$B$8*Exposures!D4+$C$8*Exposures!E4 -> 0.21125614
A13: Stock B | B13: =$A$8*Exposures!C5+$B$8*Exposures!D5+$C$8*Exposures!E5 -> -0.10260348
A14: Stock C | B14: =$A$8*Exposures!C6+$B$8*Exposures!D6+$C$8*Exposures!E6 -> 0.33572974
A15: Stock D | B15: =$A$8*Exposures!C7+$B$8*Exposures!D7+$C$8*Exposures!E7 -> -0.2626742
A16: Stock E | B16: =$A$8*Exposures!C8+$B$8*Exposures!D8+$C$8*Exposures!E8 -> -0.1817082
A18: Proof this is exactly right: SUMPRODUCT(weights, week-t returns) should equal f3 for every week
A19: Week | B19: Weights x Returns | C19: f3 from Elimination_Solve | D19: Match?
A20: 1 | B20: =$B$12*Returns!B4+$B$13*Returns!C4+$B$14*Returns!D4+$B$15*Returns!E4+$B$16*Returns!F4 -> 0.0091745569 | C20: =Elimination_Solve!H15 -> 0.0091745569 | D20: =IF(ROUND(B20-C20,6)=0,"MATCH","check") -> MATCH
A21: 2 | B21: =$B$12*Returns!B5+$B$13*Returns!C5+$B$14*Returns!D5+$B$15*Returns!E5+$B$16*Returns!F5 -> -0.66001153 | C21: =Elimination_Solve!H16 -> -0.66001153 | D21: =IF(ROUND(B21-C21,6)=0,"MATCH","check") -> MATCH
A22: 3 | B22: =$B$12*Returns!B6+$B$13*Returns!C6+$B$14*Returns!D6+$B$15*Returns!E6+$B$16*Returns!F6 -> 0.65946392 | C22: =Elimination_Solve!H17 -> 0.65946392 | D22: =IF(ROUND(B22-C22,6)=0,"MATCH","check") -> MATCH
A23: 4 | B23: =$B$12*Returns!B7+$B$13*Returns!C7+$B$14*Returns!D7+$B$15*Returns!E7+$B$16*Returns!F7 -> -0.23339166 | C23: =Elimination_Solve!H18 -> -0.23339166 | D23: =IF(ROUND(B23-C23,6)=0,"MATCH","check") -> MATCH
A24: 5 | B24: =$B$12*Returns!B8+$B$13*Returns!C8+$B$14*Returns!D8+$B$15*Returns!E8+$B$16*Returns!F8 -> -0.86658272 | C24: =Elimination_Solve!H19 -> -0.86658272 | D24: =IF(ROUND(B24-C24,6)=0,"MATCH","check") -> MATCH
A25: 6 | B25: =$B$12*Returns!B9+$B$13*Returns!C9+$B$14*Returns!D9+$B$15*Returns!E9+$B$16*Returns!F9 -> 0.42215813 | C25: =Elimination_Solve!H20 -> 0.42215813 | D25: =IF(ROUND(B25-C25,6)=0,"MATCH","check") -> MATCH
A26: 7 | B26: =$B$12*Returns!B10+$B$13*Returns!C10+$B$14*Returns!D10+$B$15*Returns!E10+$B$16*Returns!F10 -> 0.12704632 | C26: =Elimination_Solve!H21 -> 0.12704632 | D26: =IF(ROUND(B26-C26,6)=0,"MATCH","check") -> MATCH
A27: 8 | B27: =$B$12*Returns!B11+$B$13*Returns!C11+$B$14*Returns!D11+$B$15*Returns!E11+$B$16*Returns!F11 -> 0.017434068 | C27: =Elimination_Solve!H22 -> 0.017434068 | D27: =IF(ROUND(B27-C27,6)=0,"MATCH","check") -> MATCH
A28: 9 | B28: =$B$12*Returns!B12+$B$13*Returns!C12+$B$14*Returns!D12+$B$15*Returns!E12+$B$16*Returns!F12 -> -0.2575206 | C28: =Elimination_Solve!H23 -> -0.2575206 | D28: =IF(ROUND(B28-C28,6)=0,"MATCH","check") -> MATCH
A29: 10 | B29: =$B$12*Returns!B13+$B$13*Returns!C13+$B$14*Returns!D13+$B$15*Returns!E13+$B$16*Returns!F13 -> 0.40330487 | C29: =Elimination_Solve!H24 -> 0.40330487 | D29: =IF(ROUND(B29-C29,6)=0,"MATCH","check") -> MATCH
A31: Finite-Sample Double-Counting Demo (this pure Momentum portfolio)
A32: F_hat(Momentum,Momentum) -- variance of this portfolio's own return series (=FactorCovariance) | B32: =FactorCovariance!D9 -> 0.23170053
A33: Naive specific-risk add-on = sum(weight_i^2 x specific_var_i) | B33: =B12^2*Residuals_Specific!B32+B13^2*Residuals_Specific!C32+B14^2*Residuals_Specific!D32+B15^2*Residuals_Specific!E32+B16^2*Residuals_Specific!F32 -> 0.071122793
A34: Naive total variance = F_hat + naive add-on | B34: =B32+B33 -> 0.30282333
A35: True total variance (same as F_hat -- it's the identical return series) | B35: =B32 -> 0.23170053
A36: Overstatement (absolute / %) | B36: =B34-B35 -> 0.071122793 | C36: =B36/B35 -> 0.30695999
